continuous_dir_names,probe_dir_names
ESHOCK_07_LOC1_2019-04-10_12-26-32_PRE:ESHOCK_07_LOC1_2019-04-10_13-27-01_SHOCK:ESHOCK_07_LOC1_2019-04-10_13-57-26_PRE_DPAT:ESHOCK_07_LOC1_2019-04-10_14-08-35_DPAT,ESHOCK_07_LOC1
ESHOCK_02_2019-03-05_13-39-08_PRE:ESHOCK_02_2019-03-05_14-40-33_SHOCK,ESHOCK_02
ESHOCK_06_LOC1_2019-04-09_11-24-46_PRE:ESHOCK_06_LOC1_2019-04-09_12-26-04_SHOCK2:ESHOCK_06_LOC1_2019-04-09_12-56-23_PRE_DPAT:ESHOCK_06_LOC1_2019-04-09_13-07-04_DPAT,ESHOCK_06_LOC1
ESHOCK_10_LOC2_2019-04-13_16-17-51_PRE:ESHOCK_10_LOC2_2019-04-13_17-18-33_SHOCK,ESHOCK_10_LOC2
ESHOCK_02_LOC2_2019-03-05_15-45-52_PRE:ESHOCK_02_LOC2_2019-03-05_16-46-10_SHOCK,ESHOCK_02_LOC2
ESHOCK_09_LOC1_2019-04-12_12-50-05_PRE:ESHOCK_09_LOC1_2019-04-12_13-50-33_SHOCK:ESHOCK_09_LOC1_2019-04-12_14-20-53_PRE_DPAT:ESHOCK_09_LOC1_2019-04-12_14-32-22_DPAT,ESHOCK_09_LOC1
ESHOCK_08_LOC1_2019-04-11_12-42-19_PRE:ESHOCK_08_LOC1_2019-04-11_13-42-31_SHCOK:ESHOCK_08_LOC1_2019-04-11_14-13-07_PRE_DPAT:ESHOCK_08_LOC1_2019-04-11_14-24-28_DPAT,ESHOCK_08_LOC1
ESHOCK_10_LOC1_2019-04-13_14-38-33_PRE:ESHOCK_10_LOC1_2019-04-13_15-41-10_SHOCK,ESHOCK_10_LOC1
ESHOCK_05_LOC2_2019-03-10_16-08-19_PRE:ESHOCK_05_LOC2_2019-03-10_17-08-41_SHOCK,ESHOCK_05_LOC2
ESHOCK_05_LOC1_2019-03-10_13-22-34_PRE:ESHOCK_05_LOC1_2019-03-10_14-22-56_SHOCK,ESHOCK_05_LOC1
ESHOCK_05_LOC3_2019-03-10_17-48-20_PRE,ESHOCK_05_LOC3
ESHOCK_03_LOC1_2019-03-08_13-10-19_PRE,ESHOCK_03_LOC1
ESHOCK_01_2019-02-28_14-09-37_PRE:ESHOCK_01_2019-02-28_15-10-42_SHOCK,ESHOCK_01
ESHOCK_04_LOC1_2019-03-08_14-44-40_PRE:ESHOCK_04_LOC1_2019-03-08_15-45-00_SHOCK:ESHOCK_04_LOC1_2019-03-08_16-15-32_PRE_DPAT:ESHOCK_04_LOC1_2019-03-08_16-26-45_DPAT,ESHOCK_04_LOC1
